item_id,model,temperature,task_type,length,mean_label,durbin_watson,ljung_box_stat,ljung_box_pvalue,acf_values,mean_burst_length,n_bursts,mean_inter_burst_interval
bio_1,small-model-A,0.2,biographical_qa,20,0.2,1.2499999999999996,3.0936435758513934,0.37741131765767255,"[0.3625, 0.037500000000000054, 0.025]",2.0,2,5.333333333333333
bio_1,small-model-A,0.2,biographical_qa,20,0.15,1.9607843137254903,3.2550545574874157,0.35394736162189283,"[-0.12647058823529414, -0.13529411764705884, 0.30686274509803924]",1.0,3,5.666666666666667
bio_1,small-model-A,0.2,biographical_qa,20,0.0,,,,[],0.0,0,20.0
bio_1,small-model-A,0.2,biographical_qa,20,0.0,,,,[],0.0,0,20.0
bio_1,small-model-A,0.2,biographical_qa,20,0.15,1.5686274509803924,2.978052261395059,0.39502147905093477,"[0.2068627450980392, -0.1941176470588236, -0.2029411764705883]",1.5,2,5.666666666666667
bio_1,small-model-A,0.2,biographical_qa,20,0.1,2.222222222222222,1.102947759133976,0.7763625308953008,"[-0.11666666666666665, -0.1222222222222222, -0.12777777777777777]",1.0,2,6.0
bio_1,small-model-A,0.2,biographical_qa,20,0.2,1.8749999999999993,3.2167999656002735,0.3593914132340606,"[0.05000000000000002, -0.2749999999999999, -0.22499999999999995]",1.3333333333333333,3,4.0
bio_1,small-model-A,0.2,biographical_qa,20,0.4,0.8333333333333333,7.769152046783626,0.05103151670733781,"[0.55, 0.10000000000000002, -0.14166666666666658]",4.0,2,4.0
bio_1,small-model-A,0.2,biographical_qa,20,0.2,1.8749999999999993,1.6126332989336076,0.656528708537047,"[0.05000000000000002, 0.1, -0.2249999999999999]",1.3333333333333333,3,4.0
bio_1,small-model-A,0.2,biographical_qa,20,0.1,1.6666666666666665,0.33013033673508385,0.9542656563754854,"[-0.0611111111111111, -0.06666666666666667, -0.07222222222222222]",1.0,2,9.0
bio_1,small-model-A,0.7,biographical_qa,20,0.0,,,,[],0.0,0,20.0
bio_1,small-model-A,0.7,biographical_qa,20,0.0,,,,[],0.0,0,20.0
bio_1,small-model-A,0.7,biographical_qa,20,0.6,1.2499999999999998,2.712296946068875,0.4381416005369789,"[0.30000000000000004, -0.0666666666666666, -0.14166666666666655]",4.0,3,2.0
bio_1,small-model-A,0.7,biographical_qa,20,0.2,1.2499999999999996,3.0936435758513934,0.37741131765767255,"[0.3625, 0.037500000000000054, 0.025]",2.0,2,5.333333333333333
bio_1,small-model-A,0.7,biographical_qa,20,0.55,0.8080808080808081,6.745265520704119,0.08047581127649743,"[0.5348484848484849, 0.06969696969696969, 0.008585858585858547]",5.5,2,3.0
bio_1,small-model-A,0.7,biographical_qa,20,0.15,0.7843137254901962,10.334287267724157,0.015928205245297925,"[0.5990196078431372, 0.19803921568627447, -0.20294117647058824]",3.0,1,8.5
bio_1,small-model-A,0.7,biographical_qa,20,0.15,2.3529411764705883,2.642863247405439,0.4500245690837542,"[-0.18529411764705883, -0.19411764705882353, 0.18921568627450974]",1.0,3,4.25
bio_1,small-model-A,0.7,biographical_qa,20,0.05,2.1052631578947376,0.24747581299127994,0.9695838996590183,"[-0.055263157894736833, -0.057894736842105256, -0.060526315789473685]",1.0,1,9.5
bio_1,small-model-A,0.7,biographical_qa,20,0.3,1.1904761904761907,3.2222415671921807,0.35861261957108476,"[0.3357142857142858, -0.09047619047619049, 0.12619047619047621]",2.0,3,4.666666666666667
bio_1,small-model-A,0.7,biographical_qa,20,0.4,0.8333333333333333,7.33777949776402,0.061876411957027345,"[0.55, 0.10000000000000002, -0.05833333333333328]",4.0,2,4.0
bio_1,small-model-A,1.0,biographical_qa,20,0.1,1.111111111111111,5.248496816963737,0.15447948358567992,"[0.43888888888888894, -0.1222222222222222, -0.12777777777777777]",2.0,1,9.0
bio_1,small-model-A,1.0,biographical_qa,20,0.1,0.5555555555555555,5.671740838418974,0.1287199324207946,"[0.4944444444444445, -0.011111111111111105, -0.01666666666666666]",2.0,1,18.0
bio_1,small-model-A,1.0,biographical_qa,20,0.15,2.3529411764705883,2.2537821247603027,0.5214327979898528,"[-0.18529411764705883, -0.19411764705882353, -0.14411764705882352]",1.0,3,4.25
bio_1,small-model-A,1.0,biographical_qa,20,0.15,0.7843137254901962,10.334287267724152,0.015928205245297956,"[0.5990196078431371, 0.19803921568627447, -0.20294117647058824]",3.0,1,8.5
bio_1,small-model-A,1.0,biographical_qa,20,0.25,1.3333333333333333,9.476489699193516,0.02358279034575583,"[0.25, 0.5666666666666667, 0.08333333333333333]",1.6666666666666667,3,5.0
bio_1,small-model-A,1.0,biographical_qa,20,0.2,0.31249999999999994,19.279751461988305,0.0002392955553457202,"[0.7375, 0.475, 0.21249999999999997]",4.0,1,16.0
bio_1,small-model-A,1.0,biographical_qa,20,0.0,,,,[],0.0,0,20.0
bio_1,small-model-A,1.0,biographical_qa,20,0.55,1.6161616161616164,6.622604827466656,0.08495067368606579,"[0.13080808080808082, -0.42525252525252527, -0.2641414141414142]",2.75,4,1.8
bio_1,small-model-A,1.0,biographical_qa,20,0.35,0.6593406593406592,18.308830427219153,0.00037982596645618817,"[0.6104395604395604, 0.5175824175824175, 0.34780219780219773]",3.5,2,6.5
bio_1,small-model-A,1.0,biographical_qa,20,0.05,2.1052631578947376,0.24747581299127994,0.9695838996590183,"[-0.055263157894736833, -0.057894736842105256, -0.060526315789473685]",1.0,1,9.5
bio_1,small-model-B,0.2,biographical_qa,20,0.1,1.111111111111111,5.248496816963737,0.15447948358567992,"[0.43888888888888894, -0.1222222222222222, -0.12777777777777777]",2.0,1,9.0
bio_1,small-model-B,0.2,biographical_qa,20,0.1,2.222222222222222,1.102947759133976,0.7763625308953008,"[-0.11666666666666664, -0.12222222222222222, -0.12777777777777777]",1.0,2,6.0
bio_1,small-model-B,0.2,biographical_qa,20,0.15,2.3529411764705883,2.945481898351657,0.40010739967194,"[-0.1852941176470589, 0.2568627450980392, -0.14411764705882357]",1.0,3,4.25
bio_1,small-model-B,0.2,biographical_qa,20,0.05,2.1052631578947376,0.24747581299127994,0.9695838996590183,"[-0.055263157894736833, -0.057894736842105256, -0.060526315789473685]",1.0,1,9.5
bio_1,small-model-B,0.2,biographical_qa,20,0.15,0.7843137254901962,10.334287267724154,0.01592820524529792,"[0.5990196078431371, 0.19803921568627444, -0.2029411764705883]",3.0,1,8.5
bio_1,small-model-B,0.2,biographical_qa,20,0.0,,,,[],0.0,0,20.0
bio_1,small-model-B,0.2,biographical_qa,20,0.1,2.222222222222222,1.1029477591339762,0.7763625308953007,"[-0.11666666666666665, -0.12222222222222222, -0.12777777777777777]",1.0,2,6.0
bio_1,small-model-B,0.2,biographical_qa,20,0.05,2.1052631578947376,0.24747581299128005,0.9695838996590183,"[-0.05526315789473684, -0.05789473684210527, -0.06052631578947369]",1.0,1,9.5
bio_1,small-model-B,0.2,biographical_qa,20,0.05,2.1052631578947376,0.24747581299128008,0.9695838996590183,"[-0.055263157894736854, -0.05789473684210528, -0.06052631578947369]",1.0,1,9.5
bio_1,small-model-B,0.2,biographical_qa,20,0.15,0.7843137254901962,10.334287267724154,0.01592820524529792,"[0.5990196078431371, 0.19803921568627444, -0.2029411764705883]",3.0,1,8.5
bio_1,small-model-B,0.7,biographical_qa,20,0.05,2.1052631578947376,0.24747581299127994,0.9695838996590183,"[-0.055263157894736833, -0.057894736842105256, -0.060526315789473685]",1.0,1,9.5
bio_1,small-model-B,0.7,biographical_qa,20,0.05,2.1052631578947376,0.24747581299128005,0.9695838996590183,"[-0.055263157894736854, -0.057894736842105256, -0.06052631578947369]",1.0,1,9.5
bio_1,small-model-B,0.7,biographical_qa,20,0.05,2.1052631578947376,0.24747581299127994,0.9695838996590183,"[-0.055263157894736833, -0.057894736842105256, -0.060526315789473685]",1.0,1,9.5
bio_1,small-model-B,0.7,biographical_qa,20,0.15,0.7843137254901962,10.334287267724154,0.01592820524529792,"[0.5990196078431371, 0.19803921568627444, -0.2029411764705883]",3.0,1,8.5
bio_1,small-model-B,0.7,biographical_qa,20,0.15,1.5686274509803924,2.9780522613950575,0.3950214790509349,"[0.20686274509803915, -0.19411764705882353, -0.20294117647058824]",1.5,2,5.666666666666667
bio_1,small-model-B,0.7,biographical_qa,20,0.2,1.2499999999999998,6.201997334021328,0.10218568327679907,"[0.36250000000000004, -0.27499999999999997, -0.22499999999999998]",2.0,2,5.333333333333333
bio_1,small-model-B,0.7,biographical_qa,20,0.05,2.1052631578947376,0.07301489288916711,0.9948661536966095,"[-0.05526315789473684, -0.005263157894736831, -0.007894736842105253]",1.0,1,9.5
bio_1,small-model-B,0.7,biographical_qa,20,0.1,2.222222222222222,0.5588502847532774,0.90578456479458,"[-0.11666666666666664, -0.06666666666666667, -0.07222222222222222]",1.0,2,6.0
bio_1,small-model-B,0.7,biographical_qa,20,0.15,2.3529411764705883,10.375836739249952,0.01562726171822395,"[-0.18529411764705883, 0.5901960784313725, -0.20294117647058824]",1.0,3,4.25
bio_1,small-model-B,0.7,biographical_qa,20,0.05,2.1052631578947376,0.24747581299128005,0.9695838996590183,"[-0.05526315789473684, -0.05789473684210527, -0.06052631578947369]",1.0,1,9.5
bio_1,small-model-B,1.0,biographical_qa,20,0.1,2.222222222222222,0.8153660597875709,0.8457882543156088,"[-0.11666666666666664, -0.12222222222222222, -0.07222222222222222]",1.0,2,6.0
bio_1,small-model-B,1.0,biographical_qa,20,0.25,1.6,1.3750945992432064,0.7113829381811778,"[0.18333333333333335, -0.09999999999999999, -0.11666666666666665]",1.6666666666666667,3,3.75
bio_1,small-model-B,1.0,biographical_qa,20,0.1,2.222222222222222,0.815366059787571,0.8457882543156088,"[-0.11666666666666665, -0.12222222222222222, -0.07222222222222222]",1.0,2,6.0
bio_1,small-model-B,1.0,biographical_qa,20,0.25,2.1333333333333333,2.054863738867867,0.5610979640575626,"[-0.08333333333333333, 0.16666666666666666, 0.21666666666666667]",1.25,4,3.0
bio_1,small-model-B,1.0,biographical_qa,20,0.2,0.9374999999999998,5.456791795665633,0.141245908455463,"[0.42499999999999993, 0.22499999999999998, -0.03749999999999999]",2.0,2,8.0
bio_1,small-model-B,1.0,biographical_qa,20,0.0,,,,[],0.0,0,20.0
bio_1,small-model-B,1.0,biographical_qa,20,0.5,1.2,4.454489164086686,0.21638585117175008,"[0.35, 0.0, -0.25]",3.3333333333333335,3,2.5
bio_1,small-model-B,1.0,biographical_qa,20,0.2,1.8749999999999993,1.9226823185414508,0.5886083106749211,"[0.05, -0.2749999999999999, 0.025]",1.3333333333333333,3,4.0
bio_1,small-model-B,1.0,biographical_qa,20,0.15,1.5686274509803924,2.978052261395059,0.39502147905093477,"[0.2068627450980392, -0.1941176470588236, -0.2029411764705883]",1.5,2,5.666666666666667
bio_1,small-model-B,1.0,biographical_qa,20,0.1,2.222222222222222,5.416673249330055,0.14370830008913582,"[-0.11666666666666665, -0.1222222222222222, 0.4277777777777778]",1.0,2,6.0
bio_1,large-model-C,0.2,biographical_qa,20,0.05,2.1052631578947376,0.24747581299127994,0.9695838996590183,"[-0.055263157894736833, -0.057894736842105256, -0.060526315789473685]",1.0,1,9.5
bio_1,large-model-C,0.2,biographical_qa,20,0.05,2.1052631578947376,0.24747581299127994,0.9695838996590183,"[-0.055263157894736833, -0.057894736842105256, -0.060526315789473685]",1.0,1,9.5
bio_1,large-model-C,0.2,biographical_qa,20,0.0,,,,[],0.0,0,20.0
bio_1,large-model-C,0.2,biographical_qa,20,0.0,,,,[],0.0,0,20.0
bio_1,large-model-C,0.2,biographical_qa,20,0.05,2.1052631578947367,0.07301489288916713,0.9948661536966095,"[-0.05526315789473684, -0.005263157894736835, -0.007894736842105258]",1.0,1,9.5
bio_1,large-model-C,0.2,biographical_qa,20,0.05,2.1052631578947376,0.07301489288916711,0.9948661536966095,"[-0.05526315789473684, -0.005263157894736831, -0.007894736842105253]",1.0,1,9.5
bio_1,large-model-C,0.2,biographical_qa,20,0.0,,,,[],0.0,0,20.0
bio_1,large-model-C,0.2,biographical_qa,20,0.05,2.1052631578947376,0.24747581299127994,0.9695838996590183,"[-0.055263157894736833, -0.057894736842105256, -0.060526315789473685]",1.0,1,9.5
bio_1,large-model-C,0.2,biographical_qa,20,0.1,2.222222222222222,1.1029477591339762,0.7763625308953007,"[-0.11666666666666665, -0.12222222222222222, -0.12777777777777777]",1.0,2,6.0
bio_1,large-model-C,0.2,biographical_qa,20,0.05,2.1052631578947376,0.24747581299128013,0.9695838996590183,"[-0.055263157894736854, -0.05789473684210528, -0.0605263157894737]",1.0,1,9.5
bio_1,large-model-C,0.7,biographical_qa,20,0.05,2.1052631578947376,0.15427066389563066,0.9846102007893421,"[-0.05526315789473684, -0.05789473684210527, -0.007894736842105253]",1.0,1,9.5
bio_1,large-model-C,0.7,biographical_qa,20,0.0,,,,[],0.0,0,20.0
bio_1,large-model-C,0.7,biographical_qa,20,0.0,,,,[],0.0,0,20.0
bio_1,large-model-C,0.7,biographical_qa,20,0.1,1.111111111111111,4.960915117617333,0.17468160572906813,"[0.438888888888889, -0.12222222222222222, -0.07222222222222223]",2.0,1,9.0
bio_1,large-model-C,0.7,biographical_qa,20,0.2,1.2499999999999996,6.201997334021326,0.10218568327679918,"[0.36250000000000004, -0.27499999999999986, -0.2249999999999999]",2.0,2,5.333333333333333
bio_1,large-model-C,0.7,biographical_qa,20,0.15,1.5686274509803924,2.4496582048104867,0.48445770670851684,"[0.2068627450980392, -0.19411764705882353, -0.14411764705882354]",1.5,2,5.666666666666667
bio_1,large-model-C,0.7,biographical_qa,20,0.0,,,,[],0.0,0,20.0
bio_1,large-model-C,0.7,biographical_qa,20,0.0,,,,[],0.0,0,20.0
bio_1,large-model-C,0.7,biographical_qa,20,0.1,2.222222222222222,1.102947759133976,0.7763625308953008,"[-0.11666666666666664, -0.1222222222222222, -0.12777777777777777]",1.0,2,6.0
bio_1,large-model-C,0.7,biographical_qa,20,0.05,2.1052631578947376,0.24747581299128005,0.9695838996590183,"[-0.05526315789473684, -0.05789473684210527, -0.06052631578947369]",1.0,1,9.5
bio_1,large-model-C,1.0,biographical_qa,20,0.1,1.111111111111111,4.576585253984637,0.2055599427776423,"[0.43888888888888894, -0.06666666666666667, -0.01666666666666666]",2.0,1,9.0
bio_1,large-model-C,1.0,biographical_qa,20,0.0,,,,[],0.0,0,20.0
bio_1,large-model-C,1.0,biographical_qa,20,0.15,1.5686274509803926,2.449658204810487,0.48445770670851673,"[0.2068627450980392, -0.1941176470588236, -0.14411764705882354]",1.5,2,5.666666666666667
bio_1,large-model-C,1.0,biographical_qa,20,0.25,0.8,7.826678897679931,0.04973288804732071,"[0.5166666666666667, 0.03333333333333333, -0.25]",2.5,2,7.5
bio_1,large-model-C,1.0,biographical_qa,20,0.05,2.1052631578947376,0.24747581299128005,0.9695838996590183,"[-0.05526315789473684, -0.05789473684210527, -0.06052631578947369]",1.0,1,9.5
bio_1,large-model-C,1.0,biographical_qa,20,0.05,2.1052631578947376,0.24747581299128005,0.9695838996590183,"[-0.055263157894736854, -0.057894736842105256, -0.06052631578947369]",1.0,1,9.5
bio_1,large-model-C,1.0,biographical_qa,20,0.1,2.2222222222222223,6.292732314931605,0.0982049820413119,"[-0.11666666666666665, 0.48888888888888893, -0.07222222222222223]",1.0,2,6.0
bio_1,large-model-C,1.0,biographical_qa,20,0.35,1.7582417582417582,0.6994736356080895,0.8733277483118667,"[0.093956043956044, -0.07582417582417578, 0.11703296703296706]",1.75,4,2.6
bio_1,large-model-C,1.0,biographical_qa,20,0.0,,,,[],0.0,0,20.0
bio_1,large-model-C,1.0,biographical_qa,20,0.1,2.222222222222222,1.102947759133976,0.7763625308953008,"[-0.11666666666666665, -0.1222222222222222, -0.12777777777777777]",1.0,2,6.0
bio_2,small-model-A,0.2,biographical_qa,20,0.05,2.1052631578947376,0.24747581299128005,0.9695838996590183,"[-0.05526315789473684, -0.05789473684210527, -0.06052631578947369]",1.0,1,9.5
bio_2,small-model-A,0.2,biographical_qa,20,0.05,2.105263157894737,0.24747581299128013,0.9695838996590183,"[-0.055263157894736854, -0.05789473684210528, -0.0605263157894737]",1.0,1,9.5
bio_2,small-model-A,0.2,biographical_qa,20,0.15,0.7843137254901962,9.805893211139587,0.02029026445062228,"[0.5990196078431372, 0.19803921568627456, -0.14411764705882352]",3.0,1,8.5
bio_2,small-model-A,0.2,biographical_qa,20,0.3,0.7142857142857144,16.17532767492963,0.0010438818717510383,"[0.573809523809524, 0.3857142857142858, 0.4357142857142858]",3.0,2,7.0
bio_2,small-model-A,0.2,biographical_qa,20,0.15,0.7843137254901962,10.334287267724157,0.015928205245297925,"[0.5990196078431372, 0.19803921568627453, -0.2029411764705882]",3.0,1,8.5
bio_2,small-model-A,0.2,biographical_qa,20,0.3,1.4285714285714288,5.428862227152069,0.14295589936791583,"[0.2642857142857143, -0.16190476190476188, -0.35]",2.0,3,3.5
bio_2,small-model-A,0.2,biographical_qa,20,0.0,,,,[],0.0,0,20.0
bio_2,small-model-A,0.2,biographical_qa,20,0.15,2.3529411764705883,1.7801181493662244,0.6192709769549569,"[-0.18529411764705886, -0.13529411764705887, -0.14411764705882354]",1.0,3,4.25
bio_2,small-model-A,0.2,biographical_qa,20,0.05,1.0526315789473684,0.0024506706993435387,0.9999677576288639,"[-0.0026315789473684084, -0.005263157894736832, -0.007894736842105255]",1.0,1,19.0
bio_2,small-model-A,0.2,biographical_qa,20,0.0,,,,[],0.0,0,20.0
bio_2,small-model-A,0.7,biographical_qa,20,0.4,0.8333333333333333,15.803965046057401,0.001243897242275148,"[0.5499999999999998, 0.3916666666666666, 0.44166666666666665]",4.0,2,4.0
bio_2,small-model-A,0.7,biographical_qa,20,0.4,0.8333333333333333,9.911535852157627,0.019333276373332688,"[0.55, 0.30833333333333324, 0.15000000000000002]",4.0,2,4.0
bio_2,small-model-A,0.7,biographical_qa,20,0.15,1.5686274509803924,3.875625592919132,0.2752113017227156,"[0.2068627450980392, -0.13529411764705887, 0.3068627450980392]",1.5,2,5.666666666666667
bio_2,small-model-A,0.7,biographical_qa,20,0.05,1.0526315789473684,0.0024506706993435387,0.9999677576288639,"[-0.0026315789473684084, -0.005263157894736832, -0.007894736842105255]",1.0,1,19.0
bio_2,small-model-A,0.7,biographical_qa,20,0.0,,,,[],0.0,0,20.0
bio_2,small-model-A,0.7,biographical_qa,20,0.4,1.4583333333333328,4.484692600236974,0.21365974320763426,"[0.21666666666666665, -0.3583333333333332, -0.09999999999999991]",2.0,4,3.0
bio_2,small-model-A,0.7,biographical_qa,20,0.4,1.458333333333333,1.940892672858617,0.584764824199165,"[0.21666666666666667, -0.14999999999999994, 0.10833333333333336]",2.0,4,3.0
bio_2,small-model-A,0.7,biographical_qa,20,0.2,1.2499999999999996,5.216805340557276,0.15659277954388726,"[0.36250000000000004, 0.03750000000000002, -0.2874999999999999]",2.0,2,5.333333333333333
bio_2,small-model-A,0.7,biographical_qa,20,0.05,1.0526315789473684,0.0024506706993435387,0.9999677576288639,"[-0.0026315789473684084, -0.005263157894736832, -0.007894736842105255]",1.0,1,19.0
bio_2,small-model-A,0.7,biographical_qa,20,0.2,0.31249999999999994,19.279751461988305,0.0002392955553457202,"[0.7375, 0.475, 0.21249999999999997]",4.0,1,16.0
bio_2,small-model-A,1.0,biographical_qa,20,0.25,1.6,1.3750945992432064,0.7113829381811778,"[0.18333333333333335, -0.09999999999999999, -0.11666666666666665]",1.6666666666666667,3,3.75
bio_2,small-model-A,1.0,biographical_qa,20,0.6,0.8333333333333333,9.929325765393873,0.019176544937810305,"[0.5083333333333332, 0.3499999999999999, 0.19166666666666668]",6.0,2,2.6666666666666665
bio_2,small-model-A,1.0,biographical_qa,20,0.25,1.0666666666666667,5.43319191224248,0.14268953577360943,"[0.45, 0.16666666666666666, -0.049999999999999996]",2.5,2,5.0
bio_2,small-model-A,1.0,biographical_qa,20,0.25,1.0666666666666667,7.529342965256279,0.056809279734862946,"[0.45, -0.09999999999999999, -0.31666666666666665]",2.5,2,5.0
bio_2,small-model-A,1.0,biographical_qa,20,0.3,1.4285714285714288,4.628230863495497,0.20113363024499067,"[0.2642857142857143, -0.23333333333333334, -0.25476190476190486]",2.0,3,3.5
bio_2,small-model-A,1.0,biographical_qa,20,0.4,1.0416666666666665,4.569831919122423,0.20614537865645227,"[0.42499999999999993, 0.058333333333333376, 0.10833333333333336]",2.6666666666666665,3,4.0
bio_2,small-model-A,1.0,biographical_qa,20,0.5,1.0,5.271826625386997,0.15294100087878543,"[0.45, 0.0, -0.15]",3.3333333333333335,3,3.3333333333333335
bio_2,small-model-A,1.0,biographical_qa,20,0.15,0.7843137254901962,9.805893211139587,0.02029026445062228,"[0.5990196078431372, 0.19803921568627456, -0.14411764705882352]",3.0,1,8.5
bio_2,small-model-A,1.0,biographical_qa,20,0.45,1.0101010101010102,5.170153470646535,0.15975334139612707,"[0.443939393939394, -0.0010101010101010055, -0.15303030303030304]",3.0,3,3.6666666666666665
bio_2,small-model-A,1.0,biographical_qa,20,0.25,1.6,5.95083897106601,0.1140266669091351,"[0.18333333333333335, 0.16666666666666666, 0.4166666666666667]",1.6666666666666667,3,3.75
bio_2,small-model-B,0.2,biographical_qa,20,0.2,1.2499999999999996,7.0310414516683855,0.07091492959975194,"[0.36250000000000004, -0.2749999999999999, -0.2874999999999999]",2.0,2,5.333333333333333
bio_2,small-model-B,0.2,biographical_qa,20,0.1,2.222222222222222,1.102947759133976,0.7763625308953008,"[-0.11666666666666664, -0.12222222222222222, -0.12777777777777777]",1.0,2,6.0
bio_2,small-model-B,0.2,biographical_qa,20,0.15,1.5686274509803926,2.9780522613950575,0.3950214790509349,"[0.20686274509803915, -0.19411764705882353, -0.20294117647058824]",1.5,2,5.666666666666667
bio_2,small-model-B,0.2,biographical_qa,20,0.25,1.0666666666666667,10.494629820739213,0.014797370447114933,"[0.45, 0.43333333333333335, 0.21666666666666667]",2.5,2,5.0
bio_2,small-model-B,0.2,biographical_qa,20,0.0,,,,[],0.0,0,20.0
bio_2,small-model-B,0.2,biographical_qa,20,0.1,1.111111111111111,4.960915117617331,0.17468160572906846,"[0.43888888888888894, -0.1222222222222222, -0.07222222222222222]",2.0,1,9.0
bio_2,small-model-B,0.2,biographical_qa,20,0.0,,,,[],0.0,0,20.0
bio_2,small-model-B,0.2,biographical_qa,20,0.15,0.7843137254901962,10.334287267724152,0.015928205245297956,"[0.5990196078431371, 0.19803921568627447, -0.20294117647058824]",3.0,1,8.5
bio_2,small-model-B,0.2,biographical_qa,20,0.05,2.1052631578947376,0.24747581299127994,0.9695838996590183,"[-0.055263157894736833, -0.057894736842105256, -0.060526315789473685]",1.0,1,9.5
bio_2,small-model-B,0.2,biographical_qa,20,0.05,2.1052631578947376,0.24747581299127994,0.9695838996590183,"[-0.055263157894736833, -0.057894736842105256, -0.060526315789473685]",1.0,1,9.5
bio_2,small-model-B,0.7,biographical_qa,20,0.3,1.4285714285714288,1.8370254924581917,0.6069111086386241,"[0.2642857142857143, 0.07619047619047616, 0.05476190476190473]",2.0,3,3.5
bio_2,small-model-B,0.7,biographical_qa,20,0.25,1.6,3.400947903527883,0.33383788693586663,"[0.18333333333333335, -0.03333333333333333, -0.31666666666666665]",1.6666666666666667,3,3.75
bio_2,small-model-B,0.7,biographical_qa,20,0.25,1.6,1.6051599587203307,0.6582204004261332,"[0.18333333333333335, -0.09999999999999999, 0.15]",1.6666666666666667,3,3.75
bio_2,small-model-B,0.7,biographical_qa,20,0.0,,,,[],0.0,0,20.0
bio_2,small-model-B,0.7,biographical_qa,20,0.05,2.1052631578947376,0.24747581299128005,0.9695838996590183,"[-0.055263157894736854, -0.057894736842105256, -0.06052631578947369]",1.0,1,9.5
bio_2,small-model-B,0.7,biographical_qa,20,0.15,1.9607843137254903,2.171509515736253,0.5375818873328988,"[-0.1264705882352941, 0.2568627450980392, -0.08529411764705884]",1.0,3,5.666666666666667
bio_2,small-model-B,0.7,biographical_qa,20,0.2,1.8749999999999996,0.9857950636394905,0.8046890774347395,"[0.05000000000000004, 0.09999999999999998, -0.16249999999999998]",1.3333333333333333,3,4.0
bio_2,small-model-B,0.7,biographical_qa,20,0.35,1.0989010989010988,6.625951607675147,0.08482545681826105,"[0.39065934065934066, 0.22087912087912087, 0.27087912087912086]",2.3333333333333335,3,4.333333333333333
bio_2,small-model-B,0.7,biographical_qa,20,0.15,1.5686274509803924,1.9759942294164072,0.5774041127062348,"[0.2068627450980392, -0.13529411764705887, -0.14411764705882357]",1.5,2,5.666666666666667
bio_2,small-model-B,0.7,biographical_qa,20,0.1,1.111111111111111,5.248496816963737,0.15447948358567992,"[0.43888888888888894, -0.1222222222222222, -0.12777777777777777]",2.0,1,9.0
bio_2,small-model-B,1.0,biographical_qa,20,0.1,2.222222222222222,0.8153660597875708,0.8457882543156089,"[-0.11666666666666664, -0.1222222222222222, -0.07222222222222222]",1.0,2,6.0
bio_2,small-model-B,1.0,biographical_qa,20,0.15,2.3529411764705883,2.7821761813448758,0.426442445957374,"[-0.18529411764705886, -0.1941176470588236, -0.2029411764705883]",1.0,3,4.25
bio_2,small-model-B,1.0,biographical_qa,20,0.05,2.1052631578947376,0.24747581299127994,0.9695838996590183,"[-0.055263157894736833, -0.057894736842105256, -0.060526315789473685]",1.0,1,9.5
bio_2,small-model-B,1.0,biographical_qa,20,0.55,0.8080808080808081,7.711793546055674,0.05235915594470433,"[0.5348484848484849, 0.06969696969696967, -0.19343434343434346]",5.5,2,3.0
bio_2,small-model-B,1.0,biographical_qa,20,0.3,0.9523809523809526,5.852486647680514,0.11901183450244596,"[0.5023809523809524, 0.004761904761904769, -0.016666666666666663]",3.0,2,4.666666666666667
bio_2,small-model-B,1.0,biographical_qa,20,0.05,2.1052631578947376,0.24747581299127994,0.9695838996590183,"[-0.055263157894736833, -0.057894736842105256, -0.060526315789473685]",1.0,1,9.5
bio_2,small-model-B,1.0,biographical_qa,20,0.3,0.9523809523809526,7.2936557078971935,0.06310421776090978,"[0.5023809523809524, 0.24285714285714285, -0.01666666666666669]",3.0,2,4.666666666666667
bio_2,small-model-B,1.0,biographical_qa,20,0.0,,,,[],0.0,0,20.0
bio_2,small-model-B,1.0,biographical_qa,20,0.25,1.3333333333333333,1.4817184573634523,0.6864960828620822,"[0.25, 0.03333333333333333, 0.016666666666666666]",1.6666666666666667,3,5.0
bio_2,small-model-B,1.0,biographical_qa,20,0.15,2.3529411764705883,2.782176181344873,0.4264424459573747,"[-0.1852941176470588, -0.1941176470588235, -0.2029411764705882]",1.0,3,4.25
bio_2,large-model-C,0.2,biographical_qa,20,0.0,,,,[],0.0,0,20.0
bio_2,large-model-C,0.2,biographical_qa,20,0.0,,,,[],0.0,0,20.0
bio_2,large-model-C,0.2,biographical_qa,20,0.05,2.1052631578947376,0.15427066389563066,0.9846102007893421,"[-0.05526315789473684, -0.05789473684210527, -0.007894736842105253]",1.0,1,9.5
bio_2,large-model-C,0.2,biographical_qa,20,0.05,2.105263157894737,0.24747581299128013,0.9695838996590183,"[-0.055263157894736854, -0.05789473684210528, -0.0605263157894737]",1.0,1,9.5
bio_2,large-model-C,0.2,biographical_qa,20,0.1,2.222222222222222,0.5588502847532774,0.90578456479458,"[-0.11666666666666664, -0.06666666666666665, -0.07222222222222222]",1.0,2,6.0
bio_2,large-model-C,0.2,biographical_qa,20,0.05,2.105263157894737,0.15427066389563066,0.9846102007893421,"[-0.05526315789473684, -0.05789473684210527, -0.007894736842105258]",1.0,1,9.5
bio_2,large-model-C,0.2,biographical_qa,20,0.1,1.111111111111111,5.248496816963737,0.15447948358567992,"[0.43888888888888894, -0.1222222222222222, -0.12777777777777777]",2.0,1,9.0
bio_2,large-model-C,0.2,biographical_qa,20,0.1,2.2222222222222223,6.292732314931605,0.0982049820413119,"[-0.11666666666666665, 0.48888888888888893, -0.07222222222222223]",1.0,2,6.0
bio_2,large-model-C,0.2,biographical_qa,20,0.0,,,,[],0.0,0,20.0
bio_2,large-model-C,0.2,biographical_qa,20,0.15,2.3529411764705883,2.8197685603444054,0.42025599065118213,"[-0.18529411764705886, 0.1980392156862745, -0.2029411764705883]",1.0,3,4.25
bio_2,large-model-C,0.7,biographical_qa,20,0.05,2.1052631578947376,0.24747581299128013,0.9695838996590183,"[-0.055263157894736854, -0.05789473684210528, -0.0605263157894737]",1.0,1,9.5
bio_2,large-model-C,0.7,biographical_qa,20,0.05,2.1052631578947376,0.24747581299127994,0.9695838996590183,"[-0.055263157894736833, -0.057894736842105256, -0.060526315789473685]",1.0,1,9.5
bio_2,large-model-C,0.7,biographical_qa,20,0.2,1.5624999999999998,6.379489164086687,0.09453825396118883,"[0.11249999999999999, -0.15, 0.46249999999999997]",1.3333333333333333,3,5.333333333333333
bio_2,large-model-C,0.7,biographical_qa,20,0.0,,,,[],0.0,0,20.0
bio_2,large-model-C,0.7,biographical_qa,20,0.05,2.1052631578947376,0.24747581299128005,0.9695838996590183,"[-0.05526315789473684, -0.05789473684210527, -0.06052631578947369]",1.0,1,9.5
bio_2,large-model-C,0.7,biographical_qa,20,0.0,,,,[],0.0,0,20.0
bio_2,large-model-C,0.7,biographical_qa,20,0.0,,,,[],0.0,0,20.0
bio_2,large-model-C,0.7,biographical_qa,20,0.05,2.1052631578947376,0.24747581299128005,0.9695838996590183,"[-0.05526315789473684, -0.05789473684210527, -0.06052631578947369]",1.0,1,9.5
bio_2,large-model-C,0.7,biographical_qa,20,0.0,,,,[],0.0,0,20.0
bio_2,large-model-C,0.7,biographical_qa,20,0.1,2.222222222222222,1.1029477591339762,0.7763625308953007,"[-0.11666666666666665, -0.12222222222222222, -0.12777777777777777]",1.0,2,6.0
bio_2,large-model-C,1.0,biographical_qa,20,0.0,,,,[],0.0,0,20.0
bio_2,large-model-C,1.0,biographical_qa,20,0.15,2.3529411764705883,2.5962044711177876,0.45815534069543884,"[-0.1852941176470589, 0.2568627450980392, -0.08529411764705887]",1.0,3,4.25
bio_2,large-model-C,1.0,biographical_qa,20,0.3,1.4285714285714288,2.9555617958684444,0.39852754180675565,"[0.2642857142857143, -0.23333333333333328, -0.016666666666666684]",2.0,3,3.5
bio_2,large-model-C,1.0,biographical_qa,20,0.0,,,,[],0.0,0,20.0
bio_2,large-model-C,1.0,biographical_qa,20,0.2,1.5624999999999998,1.4254450464396284,0.6995812598973926,"[0.11249999999999999, -0.15, 0.15]",1.3333333333333333,3,5.333333333333333
bio_2,large-model-C,1.0,biographical_qa,20,0.05,2.1052631578947376,0.24747581299128005,0.9695838996590183,"[-0.05526315789473684, -0.05789473684210527, -0.06052631578947369]",1.0,1,9.5
bio_2,large-model-C,1.0,biographical_qa,20,0.0,,,,[],0.0,0,20.0
bio_2,large-model-C,1.0,biographical_qa,20,0.1,1.111111111111111,5.248496816963737,0.15447948358567992,"[0.43888888888888894, -0.1222222222222222, -0.12777777777777777]",2.0,1,9.0
bio_2,large-model-C,1.0,biographical_qa,20,0.25,0.5333333333333333,17.06662844475022,0.0006847890935129717,"[0.7166666666666667, 0.43333333333333335, 0.15]",5.0,1,7.5
bio_2,large-model-C,1.0,biographical_qa,20,0.0,,,,[],0.0,0,20.0
sci_1,small-model-A,0.2,scientific_summarisation,20,0.25,1.3333333333333333,4.0699537514810995,0.25400879243046337,"[0.25, -0.03333333333333333, -0.31666666666666665]",1.6666666666666667,3,5.0
sci_1,small-model-A,0.2,scientific_summarisation,20,0.25,1.0666666666666667,5.43319191224248,0.14268953577360943,"[0.45, 0.16666666666666666, -0.049999999999999996]",2.5,2,5.0
sci_1,small-model-A,0.2,scientific_summarisation,20,0.15,1.5686274509803924,2.4496582048104854,0.4844577067085173,"[0.20686274509803915, -0.19411764705882353, -0.14411764705882352]",1.5,2,5.666666666666667
sci_1,small-model-A,0.2,scientific_summarisation,20,0.65,0.4395604395604395,15.460938316985668,0.001462255565723975,"[0.6873626373626371, 0.37472527472527467, 0.20494505494505494]",13.0,1,3.5
sci_1,small-model-A,0.2,scientific_summarisation,20,0.05,2.1052631578947376,0.24747581299128005,0.9695838996590183,"[-0.05526315789473684, -0.05789473684210527, -0.06052631578947369]",1.0,1,9.5
sci_1,small-model-A,0.2,scientific_summarisation,20,0.1,1.111111111111111,5.248496816963737,0.15447948358567992,"[0.43888888888888894, -0.1222222222222222, -0.12777777777777777]",2.0,1,9.0
sci_1,small-model-A,0.2,scientific_summarisation,20,0.1,2.222222222222222,5.416673249330055,0.14370830008913582,"[-0.11666666666666664, -0.1222222222222222, 0.4277777777777778]",1.0,2,6.0
sci_1,small-model-A,0.2,scientific_summarisation,20,0.15,0.7843137254901962,10.334287267724157,0.015928205245297925,"[0.5990196078431372, 0.19803921568627447, -0.20294117647058824]",3.0,1,8.5
sci_1,small-model-A,0.2,scientific_summarisation,20,0.25,0.8,8.561609907120744,0.03572472641696975,"[0.5166666666666667, 0.3, 0.08333333333333333]",2.5,2,7.5
sci_1,small-model-A,0.2,scientific_summarisation,20,0.3,0.4761904761904763,19.62098820034837,0.00020337800206524377,"[0.7404761904761905, 0.4809523809523811, 0.2214285714285714]",6.0,1,7.0
sci_1,small-model-A,0.7,scientific_summarisation,20,0.6,1.8749999999999998,0.10096367006841742,0.9917215293546942,"[0.008333333333333382, 0.058333333333333376, 0.02500000000000004]",2.4,5,1.6
sci_1,small-model-A,0.7,scientific_summarisation,20,0.4,0.8333333333333333,7.843044566754573,0.04936935677744758,"[0.5499999999999998, 0.18333333333333338, 0.02500000000000004]",4.0,2,4.0
sci_1,small-model-A,0.7,scientific_summarisation,20,0.15,2.3529411764705883,1.7801181493662244,0.6192709769549569,"[-0.18529411764705886, -0.13529411764705887, -0.14411764705882354]",1.0,3,4.25
sci_1,small-model-A,0.7,scientific_summarisation,20,0.25,1.8666666666666667,0.9035278828880482,0.8245763672390305,"[-0.016666666666666666, 0.03333333333333333, -0.18333333333333335]",1.25,4,3.75
sci_1,small-model-A,0.7,scientific_summarisation,20,0.2,1.2499999999999996,5.216805340557276,0.15659277954388726,"[0.36250000000000004, 0.037500000000000054, -0.2874999999999999]",2.0,2,5.333333333333333
sci_1,small-model-A,0.7,scientific_summarisation,20,0.45,0.8080808080808082,7.476311021386135,0.05817025741447085,"[0.5550505050505053, 0.11010101010101013, -0.041919191919191925]",4.5,2,3.6666666666666665
sci_1,small-model-A,0.7,scientific_summarisation,20,0.0,,,,[],0.0,0,20.0
sci_1,small-model-A,0.7,scientific_summarisation,20,0.15,0.7843137254901962,10.334287267724154,0.01592820524529792,"[0.5990196078431371, 0.19803921568627444, -0.2029411764705883]",3.0,1,8.5
sci_1,small-model-A,0.7,scientific_summarisation,20,0.35,1.3186813186813189,2.743784186569886,0.43283783653558394,"[0.31373626373626384, 0.0670329670329671, 0.1170329670329671]",2.3333333333333335,3,3.25
sci_1,small-model-A,0.7,scientific_summarisation,20,0.4,0.41666666666666663,21.800059243970495,7.178754073878941e-05,"[0.7583333333333333, 0.5166666666666667, 0.27499999999999997]",8.0,1,6.0
sci_1,small-model-A,1.0,scientific_summarisation,20,0.2,0.9374999999999998,5.08720437736498,0.1655218532742879,"[0.42499999999999993, 0.1625, -0.1]",2.0,2,8.0
sci_1,small-model-A,1.0,scientific_summarisation,20,0.1,1.6666666666666665,0.33013033673508385,0.9542656563754854,"[-0.0611111111111111, -0.06666666666666667, -0.07222222222222222]",1.0,2,9.0
sci_1,small-model-A,1.0,scientific_summarisation,20,0.2,1.2499999999999996,4.387761222910217,0.22252289267339154,"[0.36250000000000004, 0.03750000000000002, -0.22499999999999995]",2.0,2,5.333333333333333
sci_1,small-model-A,1.0,scientific_summarisation,20,0.4,0.8333333333333333,8.750724305316664,0.03279547320062989,"[0.5499999999999998, 0.2666666666666666, -0.016666666666666614]",4.0,2,4.0
sci_1,small-model-A,1.0,scientific_summarisation,20,0.25,0.8,7.577441424913047,0.05560168422915423,"[0.5166666666666667, 0.2333333333333333, -0.049999999999999996]",2.5,2,7.5
sci_1,small-model-A,1.0,scientific_summarisation,20,0.1,2.222222222222222,0.5588502847532774,0.90578456479458,"[-0.11666666666666664, -0.06666666666666667, -0.07222222222222222]",1.0,2,6.0
sci_1,small-model-A,1.0,scientific_summarisation,20,0.2,1.2499999999999998,7.218643575851395,0.06524592335557212,"[0.36250000000000004, 0.03749999999999999, 0.4]",2.0,2,5.333333333333333
sci_1,small-model-A,1.0,scientific_summarisation,20,0.3,1.4285714285714288,1.695680065398479,0.6378946427881853,"[0.2642857142857143, 0.00476190476190477, 0.054761904761904734]",2.0,3,3.5
sci_1,small-model-A,1.0,scientific_summarisation,20,0.15,0.7843137254901962,10.334287267724157,0.015928205245297925,"[0.5990196078431372, 0.19803921568627447, -0.20294117647058824]",3.0,1,8.5
sci_1,small-model-A,1.0,scientific_summarisation,20,0.3,1.4285714285714288,2.03021387892389,0.5661594427373307,"[0.26428571428571435, 0.00476190476190477, 0.1261904761904762]",2.0,3,3.5
sci_1,small-model-B,0.2,scientific_summarisation,20,0.2,1.2499999999999996,5.216805340557276,0.15659277954388726,"[0.36250000000000004, 0.03750000000000002, -0.2874999999999999]",2.0,2,5.333333333333333
sci_1,small-model-B,0.2,scientific_summarisation,20,0.1,2.222222222222222,0.8153660597875709,0.8457882543156088,"[-0.11666666666666664, -0.12222222222222222, -0.07222222222222222]",1.0,2,6.0
sci_1,small-model-B,0.2,scientific_summarisation,20,0.1,1.111111111111111,5.248496816963737,0.15447948358567992,"[0.43888888888888894, -0.1222222222222222, -0.12777777777777777]",2.0,1,9.0
sci_1,small-model-B,0.2,scientific_summarisation,20,0.05,2.1052631578947376,0.24747581299128005,0.9695838996590183,"[-0.05526315789473684, -0.05789473684210527, -0.06052631578947369]",1.0,1,9.5
sci_1,small-model-B,0.2,scientific_summarisation,20,0.1,2.222222222222222,0.8153660597875708,0.8457882543156089,"[-0.11666666666666664, -0.1222222222222222, -0.07222222222222222]",1.0,2,6.0
sci_1,small-model-B,0.2,scientific_summarisation,20,0.0,,,,[],0.0,0,20.0
sci_1,small-model-B,0.2,scientific_summarisation,20,0.15,1.9607843137254903,1.0061457667508211,0.7997648659341245,"[-0.12647058823529414, -0.13529411764705884, -0.08529411764705883]",1.0,3,5.666666666666667
sci_1,small-model-B,0.2,scientific_summarisation,20,0.05,2.1052631578947376,0.24747581299128005,0.9695838996590183,"[-0.05526315789473684, -0.05789473684210527, -0.06052631578947369]",1.0,1,9.5
sci_1,small-model-B,0.2,scientific_summarisation,20,0.3,0.9523809523809526,7.293655707897197,0.06310421776090969,"[0.5023809523809525, 0.24285714285714285, -0.01666666666666669]",3.0,2,4.666666666666667
sci_1,small-model-B,0.2,scientific_summarisation,20,0.05,2.1052631578947376,0.07301489288916711,0.9948661536966095,"[-0.05526315789473684, -0.005263157894736831, -0.007894736842105253]",1.0,1,9.5
sci_1,small-model-B,0.7,scientific_summarisation,20,0.05,2.1052631578947376,0.24747581299127994,0.9695838996590183,"[-0.055263157894736833, -0.057894736842105256, -0.060526315789473685]",1.0,1,9.5
sci_1,small-model-B,0.7,scientific_summarisation,20,0.15,0.7843137254901962,10.334287267724156,0.015928205245297936,"[0.5990196078431371, 0.1980392156862745, -0.2029411764705883]",3.0,1,8.5
sci_1,small-model-B,0.7,scientific_summarisation,20,0.3,1.4285714285714288,2.171559305983603,0.5375720041916676,"[0.26428571428571435, 0.07619047619047618, 0.12619047619047621]",2.0,3,3.5
sci_1,small-model-B,0.7,scientific_summarisation,20,0.1,1.6666666666666665,0.33013033673508385,0.9542656563754854,"[-0.0611111111111111, -0.06666666666666667, -0.07222222222222222]",1.0,2,9.0
sci_1,small-model-B,0.7,scientific_summarisation,20,0.4,0.6249999999999999,11.330918663761796,0.010064669401750508,"[0.6333333333333332, 0.26666666666666666, 0.10833333333333336]",4.0,2,6.0
sci_1,small-model-B,0.7,scientific_summarisation,20,0.1,1.111111111111111,5.248496816963737,0.15447948358567992,"[0.43888888888888894, -0.1222222222222222, -0.12777777777777777]",2.0,1,9.0
sci_1,small-model-B,0.7,scientific_summarisation,20,0.1,2.222222222222222,0.8153660597875709,0.8457882543156088,"[-0.11666666666666665, -0.1222222222222222, -0.07222222222222222]",1.0,2,6.0
sci_1,small-model-B,0.7,scientific_summarisation,20,0.2,1.2499999999999996,5.216805340557274,0.15659277954388728,"[0.36249999999999993, 0.037499999999999964, -0.2874999999999999]",2.0,2,5.333333333333333
sci_1,small-model-B,0.7,scientific_summarisation,20,0.25,2.1333333333333333,2.4255245958032337,0.48890091400024793,"[-0.08333333333333333, -0.3, -0.049999999999999996]",1.25,4,3.0
sci_1,small-model-B,0.7,scientific_summarisation,20,0.05,2.1052631578947376,0.24747581299127994,0.9695838996590183,"[-0.055263157894736833, -0.057894736842105256, -0.060526315789473685]",1.0,1,9.5
sci_1,small-model-B,1.0,scientific_summarisation,20,0.25,1.3333333333333333,4.395879677407025,0.22176774103601604,"[0.25, -0.2333333333333333, -0.25]",1.6666666666666667,3,5.0
sci_1,small-model-B,1.0,scientific_summarisation,20,0.0,,,,[],0.0,0,20.0
sci_1,small-model-B,1.0,scientific_summarisation,20,0.0,,,,[],0.0,0,20.0
sci_1,small-model-B,1.0,scientific_summarisation,20,0.4,1.458333333333333,1.9249159117838177,0.588135979798845,"[0.21666666666666667, 0.18333333333333335, 0.02500000000000004]",2.0,4,3.0
sci_1,small-model-B,1.0,scientific_summarisation,20,0.3,1.904761904761905,0.5909668350771107,0.8984971607759084,"[0.026190476190476188, 0.1476190476190476, -0.040476190476190464]",1.5,4,2.8
sci_1,small-model-B,1.0,scientific_summarisation,20,0.3,0.4761904761904763,19.62098820034837,0.00020337800206524377,"[0.7404761904761905, 0.4809523809523811, 0.22142857142857142]",6.0,1,7.0
sci_1,small-model-B,1.0,scientific_summarisation,20,0.3,1.666666666666667,3.183801239794164,0.36414550481530655,"[0.09761904761904763, -0.32857142857142857, -0.11190476190476192]",1.5,4,3.5
sci_1,small-model-B,1.0,scientific_summarisation,20,0.35,1.3186813186813189,2.891412468651949,0.40867201041124046,"[0.31373626373626384, -0.15274725274725273, 0.040109890109890176]",2.3333333333333335,3,3.25
sci_1,small-model-B,1.0,scientific_summarisation,20,0.0,,,,[],0.0,0,20.0
sci_1,small-model-B,1.0,scientific_summarisation,20,0.3,1.4285714285714288,2.083524091897968,0.5552531364751838,"[0.2642857142857143, 0.07619047619047618, -0.1119047619047619]",2.0,3,3.5
sci_1,large-model-C,0.2,scientific_summarisation,20,0.05,2.1052631578947376,0.07301489288916711,0.9948661536966095,"[-0.05526315789473684, -0.005263157894736831, -0.007894736842105253]",1.0,1,9.5
sci_1,large-model-C,0.2,scientific_summarisation,20,0.1,1.6666666666666665,0.33013033673508385,0.9542656563754854,"[-0.0611111111111111, -0.06666666666666667, -0.07222222222222222]",1.0,2,9.0
sci_1,large-model-C,0.2,scientific_summarisation,20,0.1,2.222222222222222,1.102947759133976,0.7763625308953008,"[-0.11666666666666665, -0.1222222222222222, -0.12777777777777777]",1.0,2,6.0
sci_1,large-model-C,0.2,scientific_summarisation,20,0.1,2.222222222222222,1.1029477591339762,0.7763625308953007,"[-0.11666666666666665, -0.12222222222222222, -0.12777777777777777]",1.0,2,6.0
sci_1,large-model-C,0.2,scientific_summarisation,20,0.05,2.1052631578947367,0.07301489288916713,0.9948661536966095,"[-0.05526315789473684, -0.005263157894736835, -0.007894736842105258]",1.0,1,9.5
sci_1,large-model-C,0.2,scientific_summarisation,20,0.0,,,,[],0.0,0,20.0
sci_1,large-model-C,0.2,scientific_summarisation,20,0.15,1.1764705882352942,2.619714256126781,0.4540438608241205,"[0.26568627450980387, -0.1352941176470589, -0.14411764705882357]",1.5,2,8.5
sci_1,large-model-C,0.2,scientific_summarisation,20,0.05,1.0526315789473684,0.0024506706993435387,0.9999677576288639,"[-0.0026315789473684084, -0.005263157894736832, -0.007894736842105255]",1.0,1,19.0
sci_1,large-model-C,0.2,scientific_summarisation,20,0.0,,,,[],0.0,0,20.0
sci_1,large-model-C,0.2,scientific_summarisation,20,0.3,1.4285714285714288,1.8370254924581917,0.6069111086386241,"[0.2642857142857143, 0.07619047619047614, 0.05476190476190472]",2.0,3,3.5
sci_1,large-model-C,0.7,scientific_summarisation,20,0.0,,,,[],0.0,0,20.0
sci_1,large-model-C,0.7,scientific_summarisation,20,0.1,1.111111111111111,5.248496816963737,0.15447948358567992,"[0.43888888888888894, -0.1222222222222222, -0.12777777777777777]",2.0,1,9.0
sci_1,large-model-C,0.7,scientific_summarisation,20,0.15,1.5686274509803924,2.9780522613950575,0.3950214790509349,"[0.20686274509803915, -0.19411764705882353, -0.20294117647058824]",1.5,2,5.666666666666667
sci_1,large-model-C,0.7,scientific_summarisation,20,0.25,1.0666666666666667,6.334281236861216,0.09643222298150696,"[0.45, -0.03333333333333333, -0.25]",2.5,2,5.0
sci_1,large-model-C,0.7,scientific_summarisation,20,0.15,1.5686274509803924,2.978052261395059,0.39502147905093477,"[0.2068627450980392, -0.1941176470588236, -0.2029411764705883]",1.5,2,5.666666666666667
sci_1,large-model-C,0.7,scientific_summarisation,20,0.15,2.3529411764705883,1.780118149366224,0.6192709769549571,"[-0.18529411764705883, -0.13529411764705884, -0.14411764705882352]",1.0,3,4.25
sci_1,large-model-C,0.7,scientific_summarisation,20,0.2,1.8749999999999993,0.10844620743034064,0.9908049322951299,"[0.05, 0.03750000000000003, 0.025]",1.3333333333333333,3,4.0
sci_1,large-model-C,0.7,scientific_summarisation,20,0.1,2.222222222222222,1.102947759133976,0.7763625308953008,"[-0.11666666666666664, -0.1222222222222222, -0.12777777777777777]",1.0,2,6.0
sci_1,large-model-C,0.7,scientific_summarisation,20,0.3,2.1428571428571432,1.0110389574933292,0.79858087933438,"[-0.14047619047619045, 0.07619047619047623, 0.12619047619047624]",1.2,5,2.8
sci_1,large-model-C,0.7,scientific_summarisation,20,0.15,1.5686274509803924,2.9780522613950575,0.3950214790509349,"[0.20686274509803915, -0.19411764705882353, -0.20294117647058824]",1.5,2,5.666666666666667
sci_1,large-model-C,1.0,scientific_summarisation,20,0.15,0.7843137254901962,10.334287267724156,0.015928205245297936,"[0.5990196078431371, 0.1980392156862745, -0.2029411764705883]",3.0,1,8.5
sci_1,large-model-C,1.0,scientific_summarisation,20,0.1,2.222222222222222,0.5588502847532774,0.90578456479458,"[-0.11666666666666664, -0.06666666666666667, -0.07222222222222222]",1.0,2,6.0
sci_1,large-model-C,1.0,scientific_summarisation,20,0.3,1.904761904761905,0.48190098651546415,0.9228493094095009,"[0.02619047619047621, 0.07619047619047621, -0.11190476190476192]",1.5,4,2.8
sci_1,large-model-C,1.0,scientific_summarisation,20,0.15,2.3529411764705883,4.000279826750235,0.26143391530103527,"[-0.18529411764705886, 0.2568627450980392, 0.24803921568627446]",1.0,3,4.25
sci_1,large-model-C,1.0,scientific_summarisation,20,0.25,1.6,1.3750945992432064,0.7113829381811778,"[0.18333333333333335, -0.09999999999999999, -0.11666666666666665]",1.6666666666666667,3,3.75
sci_1,large-model-C,1.0,scientific_summarisation,20,0.0,,,,[],0.0,0,20.0
sci_1,large-model-C,1.0,scientific_summarisation,20,0.05,2.1052631578947376,0.24747581299127994,0.9695838996590183,"[-0.055263157894736833, -0.057894736842105256, -0.060526315789473685]",1.0,1,9.5
sci_1,large-model-C,1.0,scientific_summarisation,20,0.05,2.1052631578947376,0.24747581299128005,0.9695838996590183,"[-0.055263157894736854, -0.057894736842105256, -0.06052631578947369]",1.0,1,9.5
sci_1,large-model-C,1.0,scientific_summarisation,20,0.0,,,,[],0.0,0,20.0
sci_1,large-model-C,1.0,scientific_summarisation,20,0.2,1.8749999999999993,3.2167999656002735,0.3593914132340606,"[0.04999999999999996, -0.2749999999999999, -0.22499999999999995]",1.3333333333333333,3,4.0
mh_1,small-model-A,0.2,multi_hop_reasoning,20,0.25,1.0666666666666667,5.720773611588885,0.1260142831386675,"[0.45, 0.16666666666666666, -0.11666666666666665]",2.5,2,5.0
mh_1,small-model-A,0.2,multi_hop_reasoning,20,0.1,1.111111111111111,5.248496816963737,0.15447948358567992,"[0.43888888888888894, -0.1222222222222222, -0.12777777777777777]",2.0,1,9.0
mh_1,small-model-A,0.2,multi_hop_reasoning,20,0.15,1.1764705882352942,3.6745121845253608,0.2988237441827801,"[0.2656862745098039, -0.13529411764705881, 0.24803921568627452]",1.5,2,8.5
mh_1,small-model-A,0.2,multi_hop_reasoning,20,0.45,2.0202020202020203,3.9817931638365076,0.2634368627203143,"[-0.05101010101010102, 0.3121212121212122, -0.24393939393939393]",1.8,5,1.8333333333333333
mh_1,small-model-A,0.2,multi_hop_reasoning,20,0.45,1.4141414141414141,2.0594315281392457,0.5601635380798358,"[0.24191919191919192, 0.08989898989898991, 0.13989898989898994]",2.25,4,2.75
mh_1,small-model-A,0.2,multi_hop_reasoning,20,0.05,2.105263157894737,0.24747581299128013,0.9695838996590183,"[-0.055263157894736854, -0.05789473684210528, -0.0605263157894737]",1.0,1,9.5
mh_1,small-model-A,0.2,multi_hop_reasoning,20,0.15,1.5686274509803924,2.4496582048104862,0.48445770670851684,"[0.2068627450980392, -0.19411764705882353, -0.14411764705882352]",1.5,2,5.666666666666667
mh_1,small-model-A,0.2,multi_hop_reasoning,20,0.15,0.7843137254901962,10.334287267724154,0.01592820524529792,"[0.5990196078431371, 0.19803921568627444, -0.2029411764705883]",3.0,1,8.5
mh_1,small-model-A,0.2,multi_hop_reasoning,20,0.4,0.6249999999999998,11.285984023238917,0.010275824388818475,"[0.6333333333333331, 0.2666666666666666, -0.09999999999999991]",4.0,2,6.0
mh_1,small-model-A,0.2,multi_hop_reasoning,20,0.1,1.111111111111111,5.248496816963737,0.15447948358567992,"[0.43888888888888894, -0.1222222222222222, -0.12777777777777777]",2.0,1,9.0
mh_1,small-model-A,0.7,multi_hop_reasoning,20,0.05,2.105263157894737,0.15427066389563066,0.9846102007893421,"[-0.05526315789473684, -0.05789473684210527, -0.007894736842105258]",1.0,1,9.5
mh_1,small-model-A,0.7,multi_hop_reasoning,20,0.15,2.3529411764705883,2.9454818983516557,0.40010739967194,"[-0.18529411764705883, 0.25686274509803914, -0.14411764705882352]",1.0,3,4.25
mh_1,small-model-A,0.7,multi_hop_reasoning,20,0.35,0.6593406593406593,10.558501893438784,0.014369251467686445,"[0.6104395604395605, 0.2208791208791209, -0.1686813186813187]",3.5,2,6.5
mh_1,small-model-A,0.7,multi_hop_reasoning,20,0.05,2.1052631578947376,0.15427066389563066,0.9846102007893421,"[-0.05526315789473684, -0.05789473684210527, -0.007894736842105253]",1.0,1,9.5
mh_1,small-model-A,0.7,multi_hop_reasoning,20,0.05,2.1052631578947376,0.24747581299128013,0.9695838996590183,"[-0.055263157894736854, -0.05789473684210528, -0.0605263157894737]",1.0,1,9.5
mh_1,small-model-A,0.7,multi_hop_reasoning,20,0.3,1.1904761904761907,3.1850711434671335,0.3639615523596921,"[0.33571428571428574, 0.1476190476190476, -0.040476190476190485]",2.0,3,4.666666666666667
mh_1,small-model-A,0.7,multi_hop_reasoning,20,0.25,1.0666666666666667,6.334281236861216,0.09643222298150696,"[0.45, -0.03333333333333333, -0.25]",2.5,2,5.0
mh_1,small-model-A,0.7,multi_hop_reasoning,20,0.1,2.222222222222222,6.2927323149316035,0.09820498204131223,"[-0.11666666666666664, 0.4888888888888889, -0.07222222222222222]",1.0,2,6.0
mh_1,small-model-A,0.7,multi_hop_reasoning,20,0.1,2.222222222222222,5.040331766234759,0.168867564677914,"[-0.11666666666666664, 0.43333333333333335, -0.07222222222222222]",1.0,2,6.0
mh_1,small-model-A,0.7,multi_hop_reasoning,20,0.1,1.111111111111111,5.248496816963737,0.15447948358567992,"[0.43888888888888894, -0.1222222222222222, -0.12777777777777777]",2.0,1,9.0
mh_1,small-model-A,1.0,multi_hop_reasoning,20,0.25,1.0666666666666667,5.720773611588885,0.1260142831386675,"[0.45, 0.16666666666666666, -0.11666666666666665]",2.5,2,5.0
mh_1,small-model-A,1.0,multi_hop_reasoning,20,0.15,1.1764705882352942,2.619714256126781,0.4540438608241205,"[0.26568627450980387, -0.1352941176470589, -0.14411764705882357]",1.5,2,8.5
mh_1,small-model-A,1.0,multi_hop_reasoning,20,0.4,1.6666666666666665,11.119620743034053,0.011096317805101235,"[0.13333333333333336, -0.5249999999999999, -0.39166666666666655]",2.0,4,2.4
mh_1,small-model-A,1.0,multi_hop_reasoning,20,0.2,1.8749999999999993,0.10844620743034067,0.9908049322951299,"[0.05, 0.037500000000000054, 0.025]",1.3333333333333333,3,4.0
mh_1,small-model-A,1.0,multi_hop_reasoning,20,0.35,0.6593406593406593,10.558501893438784,0.014369251467686445,"[0.6104395604395605, 0.2208791208791209, -0.1686813186813187]",3.5,2,6.5
mh_1,small-model-A,1.0,multi_hop_reasoning,20,0.2,0.6249999999999998,13.561936704506362,0.003566340588829289,"[0.6749999999999999, 0.35, 0.024999999999999974]",4.0,1,8.0
mh_1,small-model-A,1.0,multi_hop_reasoning,20,0.2,1.2499999999999996,4.387761222910216,0.22252289267339231,"[0.36249999999999993, 0.037499999999999964, -0.22499999999999995]",2.0,2,5.333333333333333
mh_1,small-model-A,1.0,multi_hop_reasoning,20,0.1,1.111111111111111,5.248496816963737,0.15447948358567992,"[0.43888888888888894, -0.1222222222222222, -0.12777777777777777]",2.0,1,9.0
mh_1,small-model-A,1.0,multi_hop_reasoning,20,0.55,0.6060606060606062,11.845910003988209,0.007930086186033901,"[0.6459595959595961, 0.2919191919191919, -0.06212121212121214]",5.5,2,4.5
mh_1,small-model-A,1.0,multi_hop_reasoning,20,0.35,0.6593406593406592,9.88964263375858,0.019527886872676793,"[0.6104395604395605, 0.2208791208791209, 0.05109890109890113]",3.5,2,6.5
mh_1,small-model-B,0.2,multi_hop_reasoning,20,0.15,0.3921568627450981,12.475970489506365,0.005918454400269932,"[0.657843137254902, 0.31568627450980385, -0.026470588235294114]",3.0,1,17.0
mh_1,small-model-B,0.2,multi_hop_reasoning,20,0.3,0.9523809523809526,6.310758845448513,0.09743203996892759,"[0.5023809523809525, 0.07619047619047618, -0.1119047619047619]",3.0,2,4.666666666666667
mh_1,small-model-B,0.2,multi_hop_reasoning,20,0.2,1.2499999999999998,6.201997334021328,0.10218568327679907,"[0.36250000000000004, -0.27499999999999997, -0.22499999999999998]",2.0,2,5.333333333333333
mh_1,small-model-B,0.2,multi_hop_reasoning,20,0.05,2.1052631578947376,0.24747581299128005,0.9695838996590183,"[-0.05526315789473684, -0.05789473684210527, -0.06052631578947369]",1.0,1,9.5
mh_1,small-model-B,0.2,multi_hop_reasoning,20,0.1,2.222222222222222,0.5588502847532774,0.90578456479458,"[-0.11666666666666664, -0.06666666666666667, -0.07222222222222222]",1.0,2,6.0
mh_1,small-model-B,0.2,multi_hop_reasoning,20,0.0,,,,[],0.0,0,20.0
mh_1,small-model-B,0.2,multi_hop_reasoning,20,0.05,2.1052631578947376,0.24747581299127994,0.9695838996590183,"[-0.055263157894736833, -0.057894736842105256, -0.060526315789473685]",1.0,1,9.5
mh_1,small-model-B,0.2,multi_hop_reasoning,20,0.05,2.1052631578947376,0.24747581299127994,0.9695838996590183,"[-0.055263157894736833, -0.057894736842105256, -0.060526315789473685]",1.0,1,9.5
mh_1,small-model-B,0.2,multi_hop_reasoning,20,0.0,,,,[],0.0,0,20.0
mh_1,small-model-B,0.2,multi_hop_reasoning,20,0.2,1.8749999999999996,3.216799965600275,0.35939141323406065,"[0.04999999999999999, -0.27499999999999997, -0.22499999999999998]",1.3333333333333333,3,4.0
mh_1,small-model-B,0.7,multi_hop_reasoning,20,0.05,2.105263157894737,0.15427066389563066,0.9846102007893421,"[-0.05526315789473684, -0.05789473684210527, -0.007894736842105258]",1.0,1,9.5
mh_1,small-model-B,0.7,multi_hop_reasoning,20,0.2,1.8749999999999993,1.3598759459924312,0.7149663846219728,"[0.05000000000000002, -0.21249999999999994, 0.0875]",1.3333333333333333,3,4.0
mh_1,small-model-B,0.7,multi_hop_reasoning,20,0.2,1.2499999999999996,5.216805340557274,0.15659277954388728,"[0.36249999999999993, 0.037499999999999964, -0.2874999999999999]",2.0,2,5.333333333333333
mh_1,small-model-B,0.7,multi_hop_reasoning,20,0.0,,,,[],0.0,0,20.0
mh_1,small-model-B,0.7,multi_hop_reasoning,20,0.35,1.3186813186813187,2.4309205795886317,0.4879047218513576,"[0.31373626373626384, 0.0670329670329671, 0.040109890109890176]",2.3333333333333335,3,3.25
mh_1,small-model-B,0.7,multi_hop_reasoning,20,0.1,2.222222222222222,1.102947759133976,0.7763625308953008,"[-0.11666666666666665, -0.1222222222222222, -0.12777777777777777]",1.0,2,6.0
mh_1,small-model-B,0.7,multi_hop_reasoning,20,0.2,2.499999999999999,6.729506363949086,0.08103774455309061,"[-0.2624999999999999, 0.35, -0.2874999999999999]",1.0,4,3.2
mh_1,small-model-B,0.7,multi_hop_reasoning,20,0.15,1.5686274509803924,5.040989341904565,0.1688201913387863,"[0.20686274509803923, 0.25686274509803925, 0.3068627450980392]",1.5,2,5.666666666666667
mh_1,small-model-B,0.7,multi_hop_reasoning,20,0.1,1.6666666666666665,0.33013033673508385,0.9542656563754854,"[-0.0611111111111111, -0.06666666666666667, -0.07222222222222222]",1.0,2,9.0
mh_1,small-model-B,0.7,multi_hop_reasoning,20,0.15,1.5686274509803924,2.8763317064551517,0.4110880090148651,"[0.2068627450980392, 0.19803921568627447, 0.18921568627450974]",1.5,2,5.666666666666667
mh_1,small-model-B,1.0,multi_hop_reasoning,20,0.15,1.1764705882352942,1.9659385589967182,0.5795062964202096,"[0.2656862745098039, -0.0764705882352941, -0.08529411764705883]",1.5,2,8.5
mh_1,small-model-B,1.0,multi_hop_reasoning,20,0.15,1.5686274509803924,2.838739327455621,0.4171623739096453,"[0.20686274509803915, -0.19411764705882353, 0.18921568627450974]",1.5,2,5.666666666666667
mh_1,small-model-B,1.0,multi_hop_reasoning,20,0.2,1.2499999999999996,5.216805340557276,0.15659277954388726,"[0.36250000000000004, 0.03750000000000002, -0.2874999999999999]",2.0,2,5.333333333333333
mh_1,small-model-B,1.0,multi_hop_reasoning,20,0.05,2.1052631578947376,0.24747581299128005,0.9695838996590183,"[-0.05526315789473684, -0.05789473684210527, -0.06052631578947369]",1.0,1,9.5
mh_1,small-model-B,1.0,multi_hop_reasoning,20,0.25,1.0666666666666667,5.43319191224248,0.14268953577360943,"[0.45, 0.16666666666666666, -0.049999999999999996]",2.5,2,5.0
mh_1,small-model-B,1.0,multi_hop_reasoning,20,0.1,1.111111111111111,4.576585253984637,0.2055599427776423,"[0.43888888888888894, -0.06666666666666667, -0.01666666666666666]",2.0,1,9.0
mh_1,small-model-B,1.0,multi_hop_reasoning,20,0.05,2.1052631578947376,0.24747581299127994,0.9695838996590183,"[-0.055263157894736833, -0.057894736842105256, -0.060526315789473685]",1.0,1,9.5
mh_1,small-model-B,1.0,multi_hop_reasoning,20,0.6,1.458333333333333,2.9429351565187467,0.4005073927893127,"[0.21666666666666667, -0.024999999999999953, -0.26666666666666655]",3.0,4,2.0
mh_1,small-model-B,1.0,multi_hop_reasoning,20,0.2,1.8749999999999993,3.040431501547988,0.38543334532645906,"[0.04999999999999998, 0.03750000000000002, 0.3375]",1.3333333333333333,3,4.0
mh_1,small-model-B,1.0,multi_hop_reasoning,20,0.05,1.0526315789473684,0.0024506706993435387,0.9999677576288639,"[-0.0026315789473684084, -0.005263157894736832, -0.007894736842105255]",1.0,1,19.0
mh_1,large-model-C,0.2,multi_hop_reasoning,20,0.15,1.5686274509803924,2.838739327455621,0.4171623739096453,"[0.20686274509803915, -0.19411764705882353, 0.18921568627450974]",1.5,2,5.666666666666667
mh_1,large-model-C,0.2,multi_hop_reasoning,20,0.05,2.1052631578947376,0.24747581299128008,0.9695838996590183,"[-0.055263157894736854, -0.05789473684210528, -0.06052631578947369]",1.0,1,9.5
mh_1,large-model-C,0.2,multi_hop_reasoning,20,0.05,2.1052631578947367,0.07301489288916713,0.9948661536966095,"[-0.05526315789473684, -0.005263157894736835, -0.007894736842105258]",1.0,1,9.5
mh_1,large-model-C,0.2,multi_hop_reasoning,20,0.15,0.7843137254901962,10.334287267724157,0.015928205245297925,"[0.5990196078431372, 0.19803921568627447, -0.20294117647058824]",3.0,1,8.5
mh_1,large-model-C,0.2,multi_hop_reasoning,20,0.1,1.111111111111111,5.248496816963737,0.15447948358567992,"[0.43888888888888894, -0.1222222222222222, -0.12777777777777777]",2.0,1,9.0
mh_1,large-model-C,0.2,multi_hop_reasoning,20,0.15,2.3529411764705883,4.153413488263028,0.24536766346652866,"[-0.18529411764705883, -0.19411764705882353, 0.3068627450980392]",1.0,3,4.25
mh_1,large-model-C,0.2,multi_hop_reasoning,20,0.0,,,,[],0.0,0,20.0
mh_1,large-model-C,0.2,multi_hop_reasoning,20,0.2,0.9374999999999998,4.406444573443413,0.22078856897318988,"[0.42500000000000004, -0.0875, -0.03749999999999999]",2.0,2,8.0
mh_1,large-model-C,0.2,multi_hop_reasoning,20,0.0,,,,[],0.0,0,20.0
mh_1,large-model-C,0.2,multi_hop_reasoning,20,0.15,1.1764705882352942,1.9659385589967182,0.5795062964202096,"[0.2656862745098039, -0.0764705882352941, -0.08529411764705881]",1.5,2,8.5
mh_1,large-model-C,0.7,multi_hop_reasoning,20,0.05,2.1052631578947376,0.24747581299128005,0.9695838996590183,"[-0.055263157894736854, -0.057894736842105256, -0.06052631578947369]",1.0,1,9.5
mh_1,large-model-C,0.7,multi_hop_reasoning,20,0.1,2.222222222222222,5.3279134655811635,0.14930134900743178,"[-0.11666666666666664, 0.4333333333333333, -0.12777777777777777]",1.0,2,6.0
mh_1,large-model-C,0.7,multi_hop_reasoning,20,0.1,2.222222222222222,0.8153660597875708,0.8457882543156089,"[-0.11666666666666664, -0.1222222222222222, -0.07222222222222222]",1.0,2,6.0
mh_1,large-model-C,0.7,multi_hop_reasoning,20,0.0,,,,[],0.0,0,20.0
mh_1,large-model-C,0.7,multi_hop_reasoning,20,0.15,0.7843137254901962,10.334287267724154,0.01592820524529792,"[0.5990196078431371, 0.19803921568627444, -0.2029411764705883]",3.0,1,8.5
mh_1,large-model-C,0.7,multi_hop_reasoning,20,0.05,2.105263157894737,0.24747581299128013,0.9695838996590183,"[-0.055263157894736854, -0.05789473684210528, -0.0605263157894737]",1.0,1,9.5
mh_1,large-model-C,0.7,multi_hop_reasoning,20,0.05,2.1052631578947367,0.07301489288916713,0.9948661536966095,"[-0.05526315789473684, -0.005263157894736835, -0.007894736842105258]",1.0,1,9.5
mh_1,large-model-C,0.7,multi_hop_reasoning,20,0.05,2.1052631578947376,0.24747581299128005,0.9695838996590183,"[-0.055263157894736854, -0.057894736842105256, -0.06052631578947369]",1.0,1,9.5
mh_1,large-model-C,0.7,multi_hop_reasoning,20,0.0,,,,[],0.0,0,20.0
mh_1,large-model-C,0.7,multi_hop_reasoning,20,0.05,2.1052631578947376,0.24747581299127994,0.9695838996590183,"[-0.055263157894736833, -0.057894736842105256, -0.060526315789473685]",1.0,1,9.5
mh_1,large-model-C,1.0,multi_hop_reasoning,20,0.1,1.111111111111111,4.576585253984637,0.2055599427776423,"[0.43888888888888894, -0.06666666666666667, -0.01666666666666666]",2.0,1,9.0
mh_1,large-model-C,1.0,multi_hop_reasoning,20,0.1,2.222222222222222,1.102947759133976,0.7763625308953008,"[-0.11666666666666664, -0.12222222222222222, -0.12777777777777777]",1.0,2,6.0
mh_1,large-model-C,1.0,multi_hop_reasoning,20,0.1,2.222222222222222,5.416673249330055,0.14370830008913582,"[-0.11666666666666664, -0.1222222222222222, 0.4277777777777778]",1.0,2,6.0
mh_1,large-model-C,1.0,multi_hop_reasoning,20,0.1,2.222222222222222,1.102947759133976,0.7763625308953008,"[-0.11666666666666665, -0.1222222222222222, -0.12777777777777777]",1.0,2,6.0
mh_1,large-model-C,1.0,multi_hop_reasoning,20,0.2,2.499999999999999,2.940392801857583,0.4009070323944396,"[-0.2624999999999999, 0.03750000000000003, -0.22499999999999995]",1.0,4,3.2
mh_1,large-model-C,1.0,multi_hop_reasoning,20,0.1,1.6666666666666665,0.33013033673508385,0.9542656563754854,"[-0.0611111111111111, -0.06666666666666667, -0.07222222222222222]",1.0,2,9.0
mh_1,large-model-C,1.0,multi_hop_reasoning,20,0.05,2.1052631578947376,0.24747581299128005,0.9695838996590183,"[-0.05526315789473684, -0.057894736842105256, -0.06052631578947369]",1.0,1,9.5
mh_1,large-model-C,1.0,multi_hop_reasoning,20,0.15,1.1764705882352942,1.9659385589967182,0.5795062964202096,"[0.2656862745098039, -0.0764705882352941, -0.08529411764705881]",1.5,2,8.5
mh_1,large-model-C,1.0,multi_hop_reasoning,20,0.1,2.222222222222222,0.8153660597875709,0.8457882543156088,"[-0.11666666666666664, -0.12222222222222222, -0.07222222222222222]",1.0,2,6.0
mh_1,large-model-C,1.0,multi_hop_reasoning,20,0.05,2.1052631578947376,0.24747581299128008,0.9695838996590183,"[-0.055263157894736854, -0.05789473684210528, -0.06052631578947369]",1.0,1,9.5
lf_1,small-model-A,0.2,long_form_generation,20,0.15,1.5686274509803924,2.449658204810487,0.48445770670851673,"[0.2068627450980392, -0.1941176470588236, -0.14411764705882357]",1.5,2,5.666666666666667
lf_1,small-model-A,0.2,long_form_generation,20,0.3,0.7142857142857144,10.11703769226989,0.017597027305073003,"[0.5738095238095238, 0.31428571428571433, 0.05476190476190475]",3.0,2,7.0
lf_1,small-model-A,0.2,long_form_generation,20,0.35,1.098901098901099,4.744081699948744,0.191524949732843,"[0.3906593406593407, 0.2208791208791209, -0.025824175824175795]",2.3333333333333335,3,4.333333333333333
lf_1,small-model-A,0.2,long_form_generation,20,0.05,2.1052631578947376,0.24747581299128005,0.9695838996590183,"[-0.05526315789473684, -0.05789473684210527, -0.06052631578947369]",1.0,1,9.5
lf_1,small-model-A,0.2,long_form_generation,20,0.2,1.8749999999999993,1.9226823185414508,0.5886083106749211,"[0.05, -0.2749999999999999, 0.025]",1.3333333333333333,3,4.0
lf_1,small-model-A,0.2,long_form_generation,20,0.35,1.3186813186813189,3.981243272768467,0.2634966536614658,"[0.31373626373626384, -0.07582417582417579, -0.2456043956043956]",2.3333333333333335,3,3.25
lf_1,small-model-A,0.2,long_form_generation,20,0.3,0.9523809523809526,8.67140680833737,0.03399428886059083,"[0.5023809523809524, 0.3142857142857143, 0.12619047619047616]",3.0,2,4.666666666666667
lf_1,small-model-A,0.2,long_form_generation,20,0.6,1.458333333333333,2.506070595879676,0.47419498966311147,"[0.21666666666666665, -0.0666666666666666, -0.22499999999999992]",3.0,4,2.0
lf_1,small-model-A,0.2,long_form_generation,20,0.2,1.2499999999999996,3.9709924320605436,0.26461350754779467,"[0.36250000000000004, 0.1, -0.16249999999999995]",2.0,2,5.333333333333333
lf_1,small-model-A,0.2,long_form_generation,20,0.35,0.8791208791208793,8.644143125951727,0.034416168261236786,"[0.5335164835164837, 0.28681318681318696, 0.040109890109890176]",3.5,2,4.333333333333333
lf_1,small-model-A,0.7,long_form_generation,20,0.15,1.5686274509803924,3.030792157814986,0.38690195375280934,"[0.2068627450980392, -0.13529411764705881, 0.24803921568627446]",1.5,2,5.666666666666667
lf_1,small-model-A,0.7,long_form_generation,20,0.3,1.1904761904761907,2.8295066954657124,0.4186655955251597,"[0.3357142857142858, 0.07619047619047623, 0.05476190476190476]",2.0,3,4.666666666666667
lf_1,small-model-A,0.7,long_form_generation,20,0.2,1.2499999999999996,5.216805340557276,0.15659277954388726,"[0.36250000000000004, 0.03750000000000002, -0.2874999999999999]",2.0,2,5.333333333333333
lf_1,small-model-A,0.7,long_form_generation,20,0.2,1.8749999999999993,4.045844083247333,0.256556159511336,"[0.05, -0.27499999999999997, -0.2874999999999999]",1.3333333333333333,3,4.0
lf_1,small-model-A,0.7,long_form_generation,20,0.05,2.1052631578947376,0.24747581299128005,0.9695838996590183,"[-0.05526315789473684, -0.05789473684210527, -0.06052631578947369]",1.0,1,9.5
lf_1,small-model-A,0.7,long_form_generation,20,0.2,1.5624999999999998,0.7390684124527002,0.8639784248026319,"[0.11249999999999999, -0.0875, -0.09999999999999998]",1.3333333333333333,3,5.333333333333333
lf_1,small-model-A,0.7,long_form_generation,20,0.2,0.9374999999999998,5.997130847953215,0.11174989904681495,"[0.42499999999999993, 0.16249999999999998, 0.21249999999999997]",2.0,2,8.0
lf_1,small-model-A,0.7,long_form_generation,20,0.4,0.8333333333333333,11.337461778083547,0.010034281420773635,"[0.5499999999999998, 0.3916666666666666, 0.15000000000000002]",4.0,2,4.0
lf_1,small-model-A,0.7,long_form_generation,20,0.4,1.2499999999999998,6.984635267362302,0.07238911451553431,"[0.34166666666666656, 0.30833333333333324, 0.27499999999999997]",2.6666666666666665,3,3.0
lf_1,small-model-A,0.7,long_form_generation,20,0.25,1.6,0.8702289492795171,0.8326056464191912,"[0.18333333333333335, -0.03333333333333333, -0.049999999999999996]",1.6666666666666667,3,3.75
lf_1,small-model-A,1.0,long_form_generation,20,0.55,1.6161616161616161,1.6009723809976077,0.6591693589361214,"[0.13080808080808082, -0.13232323232323237, -0.17323232323232324]",2.75,4,1.8
lf_1,small-model-A,1.0,long_form_generation,20,0.2,1.8749999999999996,2.4888587891296865,0.477307914900446,"[0.04999999999999999, -0.27499999999999997, 0.15]",1.3333333333333333,3,4.0
lf_1,small-model-A,1.0,long_form_generation,20,0.25,1.0666666666666667,5.720773611588885,0.1260142831386675,"[0.45, 0.16666666666666666, -0.11666666666666665]",2.5,2,5.0
lf_1,small-model-A,1.0,long_form_generation,20,0.05,2.1052631578947376,0.24747581299128013,0.9695838996590183,"[-0.055263157894736854, -0.05789473684210528, -0.0605263157894737]",1.0,1,9.5
lf_1,small-model-A,1.0,long_form_generation,20,0.45,0.4040404040404041,21.638568847902654,7.75591584501794e-05,"[0.7570707070707073, 0.5141414141414143, 0.27121212121212124]",9.0,1,5.5
lf_1,small-model-A,1.0,long_form_generation,20,0.35,1.0989010989010988,3.9009578626426182,0.272359410299279,"[0.3906593406593407, 0.07802197802197805, -0.09175824175824175]",2.3333333333333335,3,4.333333333333333
lf_1,small-model-A,1.0,long_form_generation,20,0.1,1.6666666666666665,0.33013033673508385,0.9542656563754854,"[-0.0611111111111111, -0.06666666666666667, -0.07222222222222222]",1.0,2,9.0
lf_1,small-model-A,1.0,long_form_generation,20,0.15,0.7843137254901962,10.334287267724157,0.015928205245297925,"[0.5990196078431372, 0.19803921568627453, -0.2029411764705882]",3.0,1,8.5
lf_1,small-model-A,1.0,long_form_generation,20,0.25,2.1333333333333333,0.469969040247678,0.9254377744372397,"[-0.08333333333333333, -0.09999999999999999, -0.049999999999999996]",1.25,4,3.0
lf_1,small-model-A,1.0,long_form_generation,20,0.2,1.2499999999999996,6.025628869969039,0.11036996074642619,"[0.3625, 0.037500000000000054, 0.33749999999999997]",2.0,2,5.333333333333333
lf_1,small-model-B,0.2,long_form_generation,20,0.1,1.111111111111111,5.248496816963737,0.15447948358567992,"[0.43888888888888894, -0.1222222222222222, -0.12777777777777777]",2.0,1,9.0
lf_1,small-model-B,0.2,long_form_generation,20,0.25,1.6,5.5737874097007225,0.13429132187544937,"[0.18333333333333335, -0.3, -0.31666666666666665]",1.6666666666666667,3,3.75
lf_1,small-model-B,0.2,long_form_generation,20,0.1,2.222222222222222,5.3279134655811635,0.14930134900743178,"[-0.11666666666666664, 0.4333333333333333, -0.12777777777777777]",1.0,2,6.0
lf_1,small-model-B,0.2,long_form_generation,20,0.0,,,,[],0.0,0,20.0
lf_1,small-model-B,0.2,long_form_generation,20,0.15,0.7843137254901962,10.334287267724152,0.015928205245297956,"[0.5990196078431371, 0.19803921568627447, -0.20294117647058824]",3.0,1,8.5
lf_1,small-model-B,0.2,long_form_generation,20,0.45,2.0202020202020203,0.31227298015510374,0.9577039783776164,"[-0.05101010101010101, -0.09191919191919191, -0.04191919191919191]",1.8,5,1.8333333333333333
lf_1,small-model-B,0.2,long_form_generation,20,0.05,2.1052631578947376,0.15427066389563066,0.9846102007893421,"[-0.05526315789473684, -0.05789473684210527, -0.007894736842105253]",1.0,1,9.5
lf_1,small-model-B,0.2,long_form_generation,20,0.3,1.4285714285714288,4.739090021973702,0.19192998814173962,"[0.26428571428571435, 0.24285714285714285, -0.25476190476190474]",2.0,3,3.5
lf_1,small-model-B,0.2,long_form_generation,20,0.15,1.9607843137254903,0.7016474968546274,0.8728163728875933,"[-0.12647058823529414, -0.07647058823529412, -0.08529411764705884]",1.0,3,5.666666666666667
lf_1,small-model-B,0.2,long_form_generation,20,0.1,1.111111111111111,4.960915117617331,0.17468160572906846,"[0.43888888888888894, -0.1222222222222222, -0.07222222222222222]",2.0,1,9.0
lf_1,small-model-B,0.7,long_form_generation,20,0.05,2.1052631578947367,0.07301489288916713,0.9948661536966095,"[-0.05526315789473684, -0.005263157894736835, -0.007894736842105258]",1.0,1,9.5
lf_1,small-model-B,0.7,long_form_generation,20,0.2,0.9374999999999998,5.08720437736498,0.1655218532742879,"[0.42499999999999993, 0.16249999999999998, -0.1]",2.0,2,8.0
lf_1,small-model-B,0.7,long_form_generation,20,0.15,2.3529411764705883,2.819768560344405,0.42025599065118213,"[-0.18529411764705883, 0.19803921568627447, -0.20294117647058824]",1.0,3,4.25
lf_1,small-model-B,0.7,long_form_generation,20,0.2,1.5624999999999998,0.7390684124527002,0.8639784248026319,"[0.11249999999999999, -0.0875, -0.09999999999999998]",1.3333333333333333,3,5.333333333333333
lf_1,small-model-B,0.7,long_form_generation,20,0.1,1.111111111111111,5.248496816963737,0.15447948358567992,"[0.43888888888888894, -0.1222222222222222, -0.12777777777777777]",2.0,1,9.0
lf_1,small-model-B,0.7,long_form_generation,20,0.05,2.1052631578947376,0.24747581299128005,0.9695838996590183,"[-0.05526315789473684, -0.05789473684210527, -0.06052631578947369]",1.0,1,9.5
lf_1,small-model-B,0.7,long_form_generation,20,0.2,2.1874999999999996,1.854216116271069,0.6032085583050939,"[-0.19999999999999996, 0.09999999999999998, -0.16249999999999998]",1.0,4,4.0
lf_1,small-model-B,0.7,long_form_generation,20,0.35,0.6593406593406593,25.52275189324146,1.2003875118300865e-05,"[0.6104395604395604, 0.6604395604395603, 0.4906593406593406]",3.5,2,6.5
lf_1,small-model-B,0.7,long_form_generation,20,0.1,2.222222222222222,0.5588502847532774,0.90578456479458,"[-0.11666666666666664, -0.06666666666666667, -0.07222222222222222]",1.0,2,6.0
lf_1,small-model-B,0.7,long_form_generation,20,0.3,1.4285714285714288,3.2979209617570238,0.3479321129851415,"[0.2642857142857143, 0.00476190476190474, -0.25476190476190486]",2.0,3,3.5
lf_1,small-model-B,1.0,long_form_generation,20,0.2,1.5624999999999998,1.5209311575507398,0.6774479241824417,"[0.11249999999999999, 0.1625, 0.15]",1.3333333333333333,3,5.333333333333333
lf_1,small-model-B,1.0,long_form_generation,20,0.3,1.666666666666667,0.6866986950725712,0.8763280013927699,"[0.09761904761904762, 0.07619047619047623, -0.11190476190476192]",1.5,4,3.5
lf_1,small-model-B,1.0,long_form_generation,20,0.05,2.1052631578947376,0.24747581299128005,0.9695838996590183,"[-0.05526315789473684, -0.05789473684210527, -0.06052631578947369]",1.0,1,9.5
lf_1,small-model-B,1.0,long_form_generation,20,0.35,1.7582417582417587,1.8755338032648958,0.5986374468199072,"[0.09395604395604402, 0.06703296703296707, -0.2456043956043956]",1.75,4,2.6
lf_1,small-model-B,1.0,long_form_generation,20,0.2,1.2499999999999996,5.216805340557276,0.15659277954388726,"[0.36250000000000004, 0.03750000000000002, -0.2874999999999999]",2.0,2,5.333333333333333
lf_1,small-model-B,1.0,long_form_generation,20,0.15,2.3529411764705883,2.8349160777648033,0.41778431594441745,"[-0.18529411764705886, -0.13529411764705887, 0.24803921568627446]",1.0,3,4.25
lf_1,small-model-B,1.0,long_form_generation,20,0.1,1.111111111111111,5.248496816963737,0.15447948358567992,"[0.43888888888888894, -0.1222222222222222, -0.12777777777777777]",2.0,1,9.0
lf_1,small-model-B,1.0,long_form_generation,20,0.65,1.5384615384615385,3.4064362919464473,0.33310129368612557,"[0.1708791208791209, -0.21868131868131865, -0.24560439560439556]",3.25,4,1.75
lf_1,small-model-B,1.0,long_form_generation,20,0.1,2.222222222222222,0.5588502847532774,0.90578456479458,"[-0.11666666666666664, -0.06666666666666667, -0.07222222222222222]",1.0,2,6.0
lf_1,small-model-B,1.0,long_form_generation,20,0.4,1.2499999999999998,3.5411439819592547,0.3154649595148953,"[0.3416666666666666, 0.18333333333333335, 0.02500000000000004]",2.6666666666666665,3,3.0
lf_1,large-model-C,0.2,long_form_generation,20,0.1,2.222222222222222,0.5588502847532774,0.90578456479458,"[-0.11666666666666664, -0.06666666666666667, -0.07222222222222222]",1.0,2,6.0
lf_1,large-model-C,0.2,long_form_generation,20,0.0,,,,[],0.0,0,20.0
lf_1,large-model-C,0.2,long_form_generation,20,0.05,2.1052631578947376,0.24747581299128013,0.9695838996590183,"[-0.055263157894736854, -0.05789473684210528, -0.0605263157894737]",1.0,1,9.5
lf_1,large-model-C,0.2,long_form_generation,20,0.0,,,,[],0.0,0,20.0
lf_1,large-model-C,0.2,long_form_generation,20,0.05,2.1052631578947376,0.24747581299127994,0.9695838996590183,"[-0.055263157894736833, -0.057894736842105256, -0.060526315789473685]",1.0,1,9.5
lf_1,large-model-C,0.2,long_form_generation,20,0.05,2.1052631578947376,0.24747581299127994,0.9695838996590183,"[-0.055263157894736833, -0.057894736842105256, -0.060526315789473685]",1.0,1,9.5
lf_1,large-model-C,0.2,long_form_generation,20,0.05,2.1052631578947376,0.24747581299128005,0.9695838996590183,"[-0.05526315789473684, -0.05789473684210527, -0.06052631578947369]",1.0,1,9.5
lf_1,large-model-C,0.2,long_form_generation,20,0.05,2.1052631578947376,0.24747581299128005,0.9695838996590183,"[-0.05526315789473684, -0.05789473684210527, -0.06052631578947369]",1.0,1,9.5
lf_1,large-model-C,0.2,long_form_generation,20,0.05,2.1052631578947376,0.24747581299128005,0.9695838996590183,"[-0.05526315789473684, -0.05789473684210527, -0.06052631578947369]",1.0,1,9.5
lf_1,large-model-C,0.2,long_form_generation,20,0.0,,,,[],0.0,0,20.0
lf_1,large-model-C,0.7,long_form_generation,20,0.0,,,,[],0.0,0,20.0
lf_1,large-model-C,0.7,long_form_generation,20,0.0,,,,[],0.0,0,20.0
lf_1,large-model-C,0.7,long_form_generation,20,0.2,1.2499999999999998,5.216805340557276,0.15659277954388726,"[0.36250000000000004, 0.03750000000000003, -0.2874999999999999]",2.0,2,5.333333333333333
lf_1,large-model-C,0.7,long_form_generation,20,0.05,2.1052631578947376,0.24747581299127994,0.9695838996590183,"[-0.055263157894736833, -0.057894736842105256, -0.060526315789473685]",1.0,1,9.5
lf_1,large-model-C,0.7,long_form_generation,20,0.1,1.111111111111111,4.960915117617331,0.17468160572906846,"[0.43888888888888894, -0.1222222222222222, -0.07222222222222222]",2.0,1,9.0
lf_1,large-model-C,0.7,long_form_generation,20,0.0,,,,[],0.0,0,20.0
lf_1,large-model-C,0.7,long_form_generation,20,0.05,2.1052631578947376,0.24747581299128005,0.9695838996590183,"[-0.05526315789473684, -0.057894736842105256, -0.06052631578947369]",1.0,1,9.5
lf_1,large-model-C,0.7,long_form_generation,20,0.1,1.111111111111111,5.248496816963737,0.15447948358567992,"[0.43888888888888894, -0.1222222222222222, -0.12777777777777777]",2.0,1,9.0
lf_1,large-model-C,0.7,long_form_generation,20,0.2,0.9374999999999998,5.416350619195044,0.14372826623437948,"[0.42499999999999993, -0.15, -0.16249999999999998]",2.0,2,8.0
lf_1,large-model-C,0.7,long_form_generation,20,0.1,1.6666666666666665,0.33013033673508385,0.9542656563754854,"[-0.0611111111111111, -0.06666666666666667, -0.07222222222222222]",1.0,2,9.0
lf_1,large-model-C,1.0,long_form_generation,20,0.05,2.1052631578947376,0.24747581299128005,0.9695838996590183,"[-0.05526315789473684, -0.05789473684210527, -0.06052631578947369]",1.0,1,9.5
lf_1,large-model-C,1.0,long_form_generation,20,0.05,2.1052631578947376,0.24747581299128005,0.9695838996590183,"[-0.05526315789473684, -0.05789473684210527, -0.06052631578947369]",1.0,1,9.5
lf_1,large-model-C,1.0,long_form_generation,20,0.1,2.222222222222222,1.102947759133976,0.7763625308953008,"[-0.11666666666666665, -0.1222222222222222, -0.12777777777777777]",1.0,2,6.0
lf_1,large-model-C,1.0,long_form_generation,20,0.3,0.9523809523809526,8.67140680833737,0.03399428886059083,"[0.5023809523809524, 0.3142857142857143, 0.12619047619047613]",3.0,2,4.666666666666667
lf_1,large-model-C,1.0,long_form_generation,20,0.3,2.3809523809523814,2.0517078566319316,0.5617441986486846,"[-0.21190476190476193, 0.07619047619047618, -0.18333333333333332]",1.2,5,2.3333333333333335
lf_1,large-model-C,1.0,long_form_generation,20,0.0,,,,[],0.0,0,20.0
lf_1,large-model-C,1.0,long_form_generation,20,0.05,2.1052631578947376,0.24747581299128005,0.9695838996590183,"[-0.05526315789473684, -0.057894736842105256, -0.06052631578947369]",1.0,1,9.5
lf_1,large-model-C,1.0,long_form_generation,20,0.15,0.7843137254901962,10.334287267724157,0.015928205245297925,"[0.5990196078431372, 0.19803921568627453, -0.2029411764705882]",3.0,1,8.5
lf_1,large-model-C,1.0,long_form_generation,20,0.0,,,,[],0.0,0,20.0
lf_1,large-model-C,1.0,long_form_generation,20,0.1,0.5555555555555555,5.671740838418974,0.1287199324207946,"[0.4944444444444445, -0.011111111111111105, -0.01666666666666666]",2.0,1,18.0
